<?xml version="1.0"?>
<Unit xmlns:xsi="http://www.w3.org/2001/XMLSchema-instance" xsi:noNamespaceSchemaLocation="https://raw.githubusercontent.com/iqb-berlin/testcenter/16.0.1/definitions/vo_Unit.xsd">
  <Metadata lastChange="2025-08-14T15:08:58.124Z">
    <Id>BB_01</Id>
    <Label>FSE_BB1</Label>
    <Description>ungeprüft</Description>
    <Reference/>
  </Metadata>
  <DefinitionRef player="iqb-player-stars@0.6" editor="iqb-editor-stars@0.1.2-beta" lastChange="2025-08-07T16:22:53.606Z">BB_01.voud</DefinitionRef>
</Unit>