<?xml version="1.0"?>
<Unit xmlns:xsi="http://www.w3.org/2001/XMLSchema-instance" xsi:noNamespaceSchemaLocation="https://raw.githubusercontent.com/iqb-berlin/testcenter/16.0.1/definitions/vo_Unit.xsd">
  <Metadata lastChange="2025-08-27T15:10:27.356Z">
    <Id>BB_Bogen_01</Id>
    <Label>Buchstabentafel 1</Label>
    <Reference>BB_Bogen_01.vomd</Reference>
  </Metadata>
  <DefinitionRef player="iqb-player-aspect@2.7" editor="iqb-editor-aspect@2.7" lastChange="2025-07-17T06:50:20.207Z">BB_Bogen_01.voud</DefinitionRef>
  <BaseVariables>
    <Variable id="text_1749638466568_1" alias="text_71" type="no-value" format="" nullable="false" multiple="false" page=""/>
    <Variable id="table_1749638466568_1" alias="table_6" type="no-value" format="" nullable="false" multiple="false" page=""/>
    <Variable id="text_1749638466568_2" alias="text_72" type="no-value" format="" nullable="false" multiple="false" page=""/>
    <Variable id="text_1749638466568_3" alias="text_73" type="no-value" format="" nullable="false" multiple="false" page=""/>
    <Variable id="text_1749638466568_4" alias="text_74" type="no-value" format="" nullable="false" multiple="false" page=""/>
    <Variable id="text_1749638466568_5" alias="text_75" type="no-value" format="" nullable="false" multiple="false" page=""/>
    <Variable id="checkbox_1749638466568_1" alias="checkbox_E_known" type="boolean" format="" nullable="false" multiple="false" page="">
      <Values complete="true">
        <Value>
          <label>Angekreuzt: Beschriftung</label>
          <value>true</value>
        </Value>
        <Value>
          <label>Nicht Angekreuzt: Beschriftung</label>
          <value>false</value>
        </Value>
      </Values>
    </Variable>
    <Variable id="checkbox_1749638466568_2" alias="checkbox_N_known" type="boolean" format="" nullable="false" multiple="false" page="">
      <Values complete="true">
        <Value>
          <label>Angekreuzt: Beschriftung</label>
          <value>true</value>
        </Value>
        <Value>
          <label>Nicht Angekreuzt: Beschriftung</label>
          <value>false</value>
        </Value>
      </Values>
    </Variable>
    <Variable id="checkbox_1749638466568_3" alias="checkbox_R_known" type="boolean" format="" nullable="false" multiple="false" page="">
      <Values complete="true">
        <Value>
          <label>Angekreuzt: Beschriftung</label>
          <value>true</value>
        </Value>
        <Value>
          <label>Nicht Angekreuzt: Beschriftung</label>
          <value>false</value>
        </Value>
      </Values>
    </Variable>
    <Variable id="checkbox_1749638466568_4" alias="checkbox_R_right" type="boolean" format="" nullable="false" multiple="false" page="">
      <Values complete="true">
        <Value>
          <label>Angekreuzt: Beschriftung</label>
          <value>true</value>
        </Value>
        <Value>
          <label>Nicht Angekreuzt: Beschriftung</label>
          <value>false</value>
        </Value>
      </Values>
    </Variable>
    <Variable id="checkbox_1749638466568_5" alias="checkbox_N_right" type="boolean" format="" nullable="false" multiple="false" page="">
      <Values complete="true">
        <Value>
          <label>Angekreuzt: Beschriftung</label>
          <value>true</value>
        </Value>
        <Value>
          <label>Nicht Angekreuzt: Beschriftung</label>
          <value>false</value>
        </Value>
      </Values>
    </Variable>
    <Variable id="checkbox_1749638466568_6" alias="checkbox_E_right" type="boolean" format="" nullable="false" multiple="false" page="">
      <Values complete="true">
        <Value>
          <label>Angekreuzt: Beschriftung</label>
          <value>true</value>
        </Value>
        <Value>
          <label>Nicht Angekreuzt: Beschriftung</label>
          <value>false</value>
        </Value>
      </Values>
    </Variable>
    <Variable id="text_1749638466568_8" alias="text_78" type="no-value" format="" nullable="false" multiple="false" page=""/>
    <Variable id="text_1749638466568_9" alias="text_79" type="no-value" format="" nullable="false" multiple="false" page=""/>
    <Variable id="text_1749638466568_10" alias="text_80" type="no-value" format="" nullable="false" multiple="false" page=""/>
    <Variable id="checkbox_1749638466568_7" alias="checkbox_A_known" type="boolean" format="" nullable="false" multiple="false" page="">
      <Values complete="true">
        <Value>
          <label>Angekreuzt: Beschriftung</label>
          <value>true</value>
        </Value>
        <Value>
          <label>Nicht Angekreuzt: Beschriftung</label>
          <value>false</value>
        </Value>
      </Values>
    </Variable>
    <Variable id="checkbox_1749638466568_8" alias="checkbox_T_known" type="boolean" format="" nullable="false" multiple="false" page="">
      <Values complete="true">
        <Value>
          <label>Angekreuzt: Beschriftung</label>
          <value>true</value>
        </Value>
        <Value>
          <label>Nicht Angekreuzt: Beschriftung</label>
          <value>false</value>
        </Value>
      </Values>
    </Variable>
    <Variable id="checkbox_1749638466568_9" alias="checkbox_S_known" type="boolean" format="" nullable="false" multiple="false" page="">
      <Values complete="true">
        <Value>
          <label>Angekreuzt: Beschriftung</label>
          <value>true</value>
        </Value>
        <Value>
          <label>Nicht Angekreuzt: Beschriftung</label>
          <value>false</value>
        </Value>
      </Values>
    </Variable>
    <Variable id="checkbox_1749638466568_10" alias="checkbox_A_right" type="boolean" format="" nullable="false" multiple="false" page="">
      <Values complete="true">
        <Value>
          <label>Angekreuzt: Beschriftung</label>
          <value>true</value>
        </Value>
        <Value>
          <label>Nicht Angekreuzt: Beschriftung</label>
          <value>false</value>
        </Value>
      </Values>
    </Variable>
    <Variable id="checkbox_1749638466568_11" alias="checkbox_T_right" type="boolean" format="" nullable="false" multiple="false" page="">
      <Values complete="true">
        <Value>
          <label>Angekreuzt: Beschriftung</label>
          <value>true</value>
        </Value>
        <Value>
          <label>Nicht Angekreuzt: Beschriftung</label>
          <value>false</value>
        </Value>
      </Values>
    </Variable>
    <Variable id="checkbox_1749638466568_12" alias="checkbox_S_right" type="boolean" format="" nullable="false" multiple="false" page="">
      <Values complete="true">
        <Value>
          <label>Angekreuzt: Beschriftung</label>
          <value>true</value>
        </Value>
        <Value>
          <label>Nicht Angekreuzt: Beschriftung</label>
          <value>false</value>
        </Value>
      </Values>
    </Variable>
    <Variable id="text_1749638466568_11" alias="text_81" type="no-value" format="" nullable="false" multiple="false" page=""/>
    <Variable id="checkbox_1749638466568_13" alias="checkbox_E_not" type="boolean" format="" nullable="false" multiple="false" page="">
      <Values complete="true">
        <Value>
          <label>Angekreuzt: Beschriftung</label>
          <value>true</value>
        </Value>
        <Value>
          <label>Nicht Angekreuzt: Beschriftung</label>
          <value>false</value>
        </Value>
      </Values>
    </Variable>
    <Variable id="checkbox_1749638466568_14" alias="checkbox_N_not" type="boolean" format="" nullable="false" multiple="false" page="">
      <Values complete="true">
        <Value>
          <label>Angekreuzt: Beschriftung</label>
          <value>true</value>
        </Value>
        <Value>
          <label>Nicht Angekreuzt: Beschriftung</label>
          <value>false</value>
        </Value>
      </Values>
    </Variable>
    <Variable id="checkbox_1749638466568_15" alias="checkbox_R_not" type="boolean" format="" nullable="false" multiple="false" page="">
      <Values complete="true">
        <Value>
          <label>Angekreuzt: Beschriftung</label>
          <value>true</value>
        </Value>
        <Value>
          <label>Nicht Angekreuzt: Beschriftung</label>
          <value>false</value>
        </Value>
      </Values>
    </Variable>
    <Variable id="checkbox_1749638466568_16" alias="checkbox_A_not" type="boolean" format="" nullable="false" multiple="false" page="">
      <Values complete="true">
        <Value>
          <label>Angekreuzt: Beschriftung</label>
          <value>true</value>
        </Value>
        <Value>
          <label>Nicht Angekreuzt: Beschriftung</label>
          <value>false</value>
        </Value>
      </Values>
    </Variable>
    <Variable id="checkbox_1749638466568_17" alias="checkbox_S_not" type="boolean" format="" nullable="false" multiple="false" page="">
      <Values complete="true">
        <Value>
          <label>Angekreuzt: Beschriftung</label>
          <value>true</value>
        </Value>
        <Value>
          <label>Nicht Angekreuzt: Beschriftung</label>
          <value>false</value>
        </Value>
      </Values>
    </Variable>
    <Variable id="checkbox_1749638466568_18" alias="checkbox_T_not" type="boolean" format="" nullable="false" multiple="false" page="">
      <Values complete="true">
        <Value>
          <label>Angekreuzt: Beschriftung</label>
          <value>true</value>
        </Value>
        <Value>
          <label>Nicht Angekreuzt: Beschriftung</label>
          <value>false</value>
        </Value>
      </Values>
    </Variable>
    <Variable id="text-field_1749638466568_1" alias="text-field_E_wrong" type="string" format="" nullable="false" multiple="false" page=""/>
    <Variable id="text-field_1749638466568_2" alias="text-field_N_wrong" type="string" format="" nullable="false" multiple="false" page=""/>
    <Variable id="text-field_1749638466568_3" alias="text-field_R_wrong" type="string" format="" nullable="false" multiple="false" page=""/>
    <Variable id="text-field_1749638466568_4" alias="text-field_A_wrong" type="string" format="" nullable="false" multiple="false" page=""/>
    <Variable id="text-field_1749638466568_5" alias="text-field_T_wrong" type="string" format="" nullable="false" multiple="false" page=""/>
    <Variable id="text-field_1749638466568_6" alias="text-field_S_wrong" type="string" format="" nullable="false" multiple="false" page=""/>
    <Variable id="text_1749639490683_1" alias="text_1" type="no-value" format="" nullable="false" multiple="false" page=""/>
    <Variable id="text_1749639493367_1" alias="text_2" type="no-value" format="" nullable="false" multiple="false" page=""/>
    <Variable id="text_1752497485042_1" alias="text_6" type="no-value" format="" nullable="false" multiple="false" page=""/>
    <Variable id="likert_1752497485042_1" alias="Kons_1" type="no-value" format="" nullable="false" multiple="false" page=""/>
    <Variable id="likert-row_1752497485042_1" alias="Kons_Gruppe1" type="integer" format="" nullable="false" multiple="false" page="">
      <Values complete="true">
        <Value>
          <label>Lautwert</label>
          <value>1</value>
        </Value>
        <Value>
          <label>Buchstaben-name</label>
          <value>2</value>
        </Value>
        <Value>
          <label>beides</label>
          <value>3</value>
        </Value>
        <Value>
          <label>nicht bewertbar</label>
          <value>4</value>
        </Value>
      </Values>
    </Variable>
  </BaseVariables>
  <CodingSchemeRef schemer="iqb-schemer@2.1" schemeType="iqb@3.0" lastChange="2025-07-17T06:46:47.843Z">BB_Bogen_01.vocs</CodingSchemeRef>
</Unit>