<?xml version="1.0"?>
<Unit xmlns:xsi="http://www.w3.org/2001/XMLSchema-instance" xsi:noNamespaceSchemaLocation="https://raw.githubusercontent.com/iqb-berlin/testcenter/16.0.1/definitions/vo_Unit.xsd">
  <Metadata lastChange="2025-10-15T11:39:36.178Z">
    <Id>Bilddiktat</Id>
    <Label>Aufgabe mit Tastatur</Label>
    <Description/>
    <Reference>Bilddiktat.vomd</Reference>
  </Metadata>
  <DefinitionRef player="iqb-player-stars@0.6" editor="iqb-editor-stars@0.1.2-beta" lastChange="2025-10-15T11:38:51.421Z">Bilddiktat.voud</DefinitionRef>
</Unit>