<?xml version="1.0"?>
<Unit xmlns:xsi="http://www.w3.org/2001/XMLSchema-instance" xsi:noNamespaceSchemaLocation="https://raw.githubusercontent.com/iqb-berlin/testcenter/16.0.1/definitions/vo_Unit.xsd">
  <Metadata lastChange="2025-10-23T11:28:23.117Z">
    <Id>Buttons_2row</Id>
    <Label>Aufgabe mit Buttons in zwei Reihen</Label>
    <Description/>
    <Reference>Buttons_2row.vomd</Reference>
  </Metadata>
  <DefinitionRef player="iqb-player-stars@0.6" editor="iqb-editor-stars@0.1.2-beta" lastChange="2025-10-23T11:28:29.442Z">Buttons_2row.voud</DefinitionRef>
</Unit>