<?xml version="1.0"?>
<Unit xmlns:xsi="http://www.w3.org/2001/XMLSchema-instance" xsi:noNamespaceSchemaLocation="https://raw.githubusercontent.com/iqb-berlin/testcenter/16.0.1/definitions/vo_Unit.xsd">
  <Metadata lastChange="2025-10-23T11:40:51.189Z">
    <Id>Buttons_Text</Id>
    <Label>Aufgabe mit Textauswahl</Label>
    <Description/>
    <Reference>Buttons_Text.vomd</Reference>
  </Metadata>
  <DefinitionRef player="iqb-player-stars@0.6" editor="iqb-editor-stars@0.1.2-beta" lastChange="2025-10-23T11:41:18.098Z">Buttons_Text.voud</DefinitionRef>
</Unit>