<?xml version="1.0"?>
<Unit xmlns:xsi="http://www.w3.org/2001/XMLSchema-instance" xsi:noNamespaceSchemaLocation="https://raw.githubusercontent.com/iqb-berlin/testcenter/16.0.1/definitions/vo_Unit.xsd">
  <Metadata lastChange="2025-10-23T11:10:48.799Z">
    <Id>Dichotom_Audio</Id>
    <Label> Aufgabe mit Richtig Falsch Icons und einer Audio</Label>
    <Description/>
    <Reference>Dichotom_Audio.vomd</Reference>
  </Metadata>
  <DefinitionRef player="iqb-player-stars@0.6" editor="iqb-editor-stars@0.1.2-beta" lastChange="2025-10-23T11:10:26.369Z">Dichotom_Audio.voud</DefinitionRef>
</Unit>