<?xml version="1.0"?>
<Unit xmlns:xsi="http://www.w3.org/2001/XMLSchema-instance" xsi:noNamespaceSchemaLocation="https://raw.githubusercontent.com/iqb-berlin/testcenter/16.0.1/definitions/vo_Unit.xsd">
  <Metadata lastChange="2025-10-15T12:25:03.111Z">
    <Id>Dichotom_Bild</Id>
    <Label>Aufgabe mit Richtig Falsch Icons und einem Bild</Label>
    <Description/>
    <Reference>Dichotom_Bild.vomd</Reference>
  </Metadata>
  <DefinitionRef player="iqb-player-stars@0.6" editor="iqb-editor-stars@0.1.2-beta" lastChange="2025-10-15T11:49:08.329Z">Dichotom_Bild.voud</DefinitionRef>
</Unit>