<?xml version="1.0"?>
<Unit xmlns:xsi="http://www.w3.org/2001/XMLSchema-instance" xsi:noNamespaceSchemaLocation="https://raw.githubusercontent.com/iqb-berlin/testcenter/16.0.1/definitions/vo_Unit.xsd">
  <Metadata lastChange="2025-10-14T15:25:02.680Z">
    <Id>Drop_Ue</Id>
    <Label>Aufgabe mit Drop Elementen im Übungsmodus</Label>
    <Description/>
    <Reference>Drop_Ue.vomd</Reference>
  </Metadata>
  <DefinitionRef player="iqb-player-stars@0.6" editor="iqb-editor-stars@0.1.2-beta" lastChange="2025-10-14T15:41:57.038Z">Drop_Ue.voud</DefinitionRef>
</Unit>