<?xml version="1.0"?>
<Unit xmlns:xsi="http://www.w3.org/2001/XMLSchema-instance" xsi:noNamespaceSchemaLocation="https://raw.githubusercontent.com/iqb-berlin/testcenter/16.0.1/definitions/vo_Unit.xsd">
  <Metadata lastChange="2025-10-13T11:34:04.681Z">
    <Id>Drop</Id>
    <Label>Aufgabe mit Drop Elementen</Label>
    <Description/>
    <Reference>Drop.vomd</Reference>
  </Metadata>
  <DefinitionRef player="iqb-player-stars@0.6" editor="iqb-editor-stars@0.1.2-beta" lastChange="2025-10-14T15:24:15.301Z">Drop.voud</DefinitionRef>
</Unit>