<?xml version="1.0"?>
<Unit xmlns:xsi="http://www.w3.org/2001/XMLSchema-instance" xsi:noNamespaceSchemaLocation="https://raw.githubusercontent.com/iqb-berlin/testcenter/16.0.1/definitions/vo_Unit.xsd">
  <Metadata lastChange="2025-10-23T11:25:40.349Z">
    <Id>Kreise_MC_Ue</Id>
    <Label>Aufgabe mit Kreisen MC im Übungsmodus</Label>
    <Description/>
    <Reference>Kreise_MC_Ue.vomd</Reference>
  </Metadata>
  <DefinitionRef player="iqb-player-stars@0.6" editor="iqb-editor-stars@0.1.2-beta" lastChange="2025-10-23T11:26:57.912Z">Kreise_MC_Ue.voud</DefinitionRef>
</Unit>