<?xml version="1.0"?>
<Unit xmlns:xsi="http://www.w3.org/2001/XMLSchema-instance" xsi:noNamespaceSchemaLocation="https://raw.githubusercontent.com/iqb-berlin/testcenter/16.0.1/definitions/vo_Unit.xsd">
  <Metadata lastChange="2025-10-15T11:32:10.049Z">
    <Id>MC_ET</Id>
    <Label>Mehrfachauswahl Einzeltestung</Label>
    <Description>ungeprüft</Description>
    <Reference>MC_ET.vomd</Reference>
  </Metadata>
  <DefinitionRef player="iqb-player-stars@0.6" editor="iqb-editor-stars@0.1.2-beta" lastChange="2025-08-07T16:22:53.606Z">MC_ET.voud</DefinitionRef>
</Unit>