<?xml version="1.0"?>
<Unit xmlns:xsi="http://www.w3.org/2001/XMLSchema-instance" xsi:noNamespaceSchemaLocation="https://raw.githubusercontent.com/iqb-berlin/testcenter/16.0.1/definitions/vo_Unit.xsd">
  <Metadata lastChange="2025-11-04T12:02:13.547Z">
    <Id>SATZ_SEBO</Id>
    <Label/>
    <Reference>SATZ_SEBO.vomd</Reference>
  </Metadata>
  <DefinitionRef player="iqb-player-aspect@2.7" editor="iqb-editor-aspect@2.7" lastChange="2025-11-04T12:02:41.088Z">SATZ_SEBO.voud</DefinitionRef>
  <BaseVariables>
    <Variable id="image_1743595167930_1" alias="image_1" type="no-value" format="" nullable="false" multiple="false" page=""/>
  </BaseVariables>
  <CodingSchemeRef schemer="iqb-schemer@2.5" schemeType="iqb@3.0" lastChange="2025-08-14T14:31:14.259Z">SATZ_SEBO.vocs</CodingSchemeRef>
</Unit>