<?xml version="1.0"?>
<Unit xmlns:xsi="http://www.w3.org/2001/XMLSchema-instance" xsi:noNamespaceSchemaLocation="https://raw.githubusercontent.com/iqb-berlin/testcenter/16.0.1/definitions/vo_Unit.xsd">
  <Metadata lastChange="2025-10-23T11:34:29.658Z">
    <Id>Silben_MC</Id>
    <Label>Aufgabe mit Silben MC</Label>
    <Description/>
    <Reference>Silben_MC.vomd</Reference>
  </Metadata>
  <DefinitionRef player="iqb-player-stars@0.6" editor="iqb-editor-stars@0.1.2-beta" lastChange="2025-10-23T11:35:41.664Z">Silben_MC.voud</DefinitionRef>
</Unit>