<?xml version="1.0"?>
<Unit xmlns:xsi="http://www.w3.org/2001/XMLSchema-instance" xsi:noNamespaceSchemaLocation="https://raw.githubusercontent.com/iqb-berlin/testcenter/16.0.1/definitions/vo_Unit.xsd">
  <Metadata lastChange="2025-10-15T11:29:08.719Z">
    <Id>Video</Id>
    <Label>Erklärvideo</Label>
    <Reference>Video.vomd</Reference>
  </Metadata>
  <DefinitionRef player="iqb-player-stars@0.6" editor="iqb-editor-stars@0.1.2-beta" lastChange="2025-08-18T17:35:16.332Z">Video.voud</DefinitionRef>
</Unit>