<?xml version="1.0"?>
<Unit xmlns:xsi="http://www.w3.org/2001/XMLSchema-instance" xsi:noNamespaceSchemaLocation="https://raw.githubusercontent.com/iqb-berlin/testcenter/16.0.1/definitions/vo_Unit.xsd">
  <Metadata lastChange="2025-10-23T11:30:16.180Z">
    <Id>Wimmelbild</Id>
    <Label>Aufgabe mit Wimmelbild</Label>
    <Description/>
    <Reference>Wimmelbild.vomd</Reference>
  </Metadata>
  <DefinitionRef player="iqb-player-stars@0.6" editor="iqb-editor-stars@0.1.2-beta" lastChange="2025-10-23T11:32:41.474Z">Wimmelbild.voud</DefinitionRef>
</Unit>