<?xml version="1.0"?>
<Unit xmlns:xsi="http://www.w3.org/2001/XMLSchema-instance" xsi:noNamespaceSchemaLocation="https://raw.githubusercontent.com/iqb-berlin/testcenter/16.0.1/definitions/vo_Unit.xsd">
  <Metadata lastChange="2025-10-23T11:33:01.197Z">
    <Id>Wimmelbild_Ue</Id>
    <Label>Aufgabe mit Wimmelbild im Übungsmodus</Label>
    <Description/>
    <Reference>Wimmelbild_Ue.vomd</Reference>
  </Metadata>
  <DefinitionRef player="iqb-player-stars@0.6" editor="iqb-editor-stars@0.1.2-beta" lastChange="2025-10-23T11:33:39.910Z">Wimmelbild_Ue.voud</DefinitionRef>
</Unit>