﻿<?xml version="1.0" encoding="utf-8"?>
<Booklet xmlns:xsi="http://www.w3.org/2001/XMLSchema-instance" xsi:noNamespaceSchemaLocation="https://raw.githubusercontent.com/iqb-berlin/testcenter-backend/9.1.1/definitions/vo_Booklet.xsd">
  <Metadata>
    <Id>Demoheft_Technikrunde_ET</Id>
    <Label>Demoheft fuer Vorlagen Technikrunde Einzeltestformat</Label>
    <Description>Demoheft fuer Vorlagen Technikrunde Einzeltestformat</Description>
  </Metadata>
  <BookletConfig>
	<Config key="page_navibuttons">OFF</Config>
	<Config key="unit_navibuttons">FULL</Config>
	<Config key="unit_screenheader">ON</Config>
	<Config key="unit_title">OFF</Config>
	<Config key="ask_for_fullscreen">OFF</Config>
  </BookletConfig>
  <Units>
    
	<Unit id="Start_page" label="Startseite" />
	
	<Testlet id="Demo_Einzeltestung" label="Demo_Einzeltestung">
<Unit id="MC_ET" label="Mehrfachauswahl Einzeltestung (Kinderansicht)" labelshort="1.1"/>
<Unit id="MC_ET_Bewertung" label="Bewertung Mehrfachauswahl Einzeltestung (Lehrkraftansicht)" labelshort="1.2"/>
<Unit id="SATZ_SEBO" label="Abschreiben (Kinderansicht)" labelshort="2"/>

    </Testlet>

    <Unit id="End_page" label="Endseite" />
	
  </Units>
</Booklet>