﻿<?xml version="1.0" encoding="utf-8"?>
<Booklet xmlns:xsi="http://www.w3.org/2001/XMLSchema-instance" xsi:noNamespaceSchemaLocation="https://raw.githubusercontent.com/iqb-berlin/testcenter-backend/9.1.1/definitions/vo_Booklet.xsd">
  <Metadata>
    <Id>Demoheft_Technikrunde_GT</Id>
    <Label>Demoheft fuer Vorlagen Technikrunde Gruppentestformat</Label>
    <Description>Demoheft fuer Vorlagen Technikrunde Gruppentestformat</Description>
  </Metadata>
  <BookletConfig>
	<Config key="page_navibuttons">OFF</Config>
	<Config key="unit_navibuttons">OFF</Config>
	<Config key="unit_screenheader">OFF</Config>
	<Config key="unit_title">OFF</Config>
	<Config key="ask_for_fullscreen">OFF</Config>
	<Config key="unit_time_left_warnings"></Config>	
		<Config key="ui_mode">NONE</Config>
  </BookletConfig>
  <Units>
    
	<Unit id="Start_page" label="Startseite" />
	
	<Testlet id="Demo_Vorlagen" label="Demo_Vorlagen">
<Restrictions>
<CodeToEnter code="yxc">Freigabewort</CodeToEnter>
</Restrictions>
<Unit id="Buttons_1row" label="Aufgabe mit Buttons in einer Reihe" labelshort="1.1"/>
<Unit id="Buttons_1row_Ue" label="Aufgabe mit Buttons in einer Reihe im Übungsmodus" labelshort="1.2"/>
<Unit id="Buttons_2row" label="Aufgabe mit Buttons in zwei Reihen" labelshort="2.1"/>
<Unit id="Buttons_2row_Ue" label="Aufgabe mit Buttons in zwei Reihen im Übungsmodus" labelshort="2.2"/>
	</Testlet>

	<Testlet id="Demo_Gruppenformat" label="Demo_Gruppenformat">
<Unit id="Buttons_Buchstabe" label="Aufgabe mit Buttons und Buchstaben" labelshort="3.1"/>
<Unit id="Buttons_Buchstabe_Ue" label="Aufgabe mit Buttons und Buchstaben im Übungsmodus" labelshort="3.2"/>
<Unit id="Buttons_MC_2row" label="Aufgabe mit Mehfachauswahl in 2 Reihen" labelshort="4.1"/>
<Unit id="Buttons_MC_2row_Ue" label="Aufgabe mit Mehfachauswahl in 2 Reihen im Übungsmodus" labelshort="4.2"/>
<Unit id="Buttons_Text" label="Aufgabe mit Textauswahl" labelshort="5.1"/>
<Unit id="Buttons_Text_Ue" label="Aufgabe mit Textauswahl im Übungsmodus" labelshort="5.2"/>
<Unit id="Dichotom_Audio" label="Aufgabe mit Richtig Falsch Icons und einer Audio" labelshort="6.1"/>
<Unit id="Dichotom_Audio_Ue" label="Aufgabe mit Richtig Falsch Icons und einer Audio im Übungsmodus" labelshort="6.2"/>
<Unit id="Dichotom_Bild" label="Aufgabe mit Richtig Falsch Icons und einem Bild" labelshort="7.1"/>
<Unit id="Dichotom_Bild_Ue" label="Aufgabe mit Richtig Falsch Icons und einem Bild im Übungsmodus" labelshort="7.2"/>
<Unit id="Drop" label="Aufgabe mit Drop Elementen" labelshort="8.1"/>
<Unit id="Drop_Ue" label="Aufgabe mit Drop Elementen im Übungsmodus" labelshort="8.2"/>
<Unit id="Kreise_MC" label="Aufgabe mit Kreisen MC" labelshort="9.1"/>
<Unit id="Kreise_MC_Ue" label="Aufgabe mit Kreisen MC im Übungsmodus" labelshort="9.2"/>
<Unit id="Silben_MC" label="Aufgabe mit Silben MC" labelshort="10.1"/>
<Unit id="Silben_MC_Ue" label="Aufgabe mit Silben MC im Übungsmodus" labelshort="10.2"/>
<Unit id="Wimmelbild" label="Aufgabe mit Wimmelbild" labelshort="11.1"/>
<Unit id="Wimmelbild_Ue" label="Aufgabe mit Wimmelbild im Übungsmodus" labelshort="11.2"/>
<Unit id="Video" label="Erklärvideo" labelshort="12"/>
<Unit id="Feedback_Ue" label="Feedback und Frageseite nach Übungen" labelshort="13"/>

	</Testlet>
	
	<Testlet id="Demo_Zeitbeschränkung" label="Demo_Zeitbeschränkung">
<Restrictions>
	<TimeMax minutes="10" leave="allowed"/>
</Restrictions>
<Unit id="Bilddiktat" label="Aufgabe mit Tastatur" labelshort="1.1"/>
<Unit id="Bilddiktat_Ue" label="Aufgabe mit Tastatur im Übungsmodus" labelshort="1.2"/>

	</Testlet>

    <Unit id="End_page" label="Endseite" />
	
  </Units>
</Booklet>